,영화명,개봉일,개봉일2,개봉일7일전,개봉일7일전2,개봉전뉴스,개봉일7일후,개봉일7일후2,개봉후뉴스
0,군함도,2017-07-26,2017.07.26,2017-07-19,2017.07.19,4981,2017-08-02,2017.08.02,2776
1,인간중독,2014-05-14,2014.05.14,2014-05-07,2014.05.07,4096,2014-05-21,2014.05.21,996
2,아수라,2016-09-28,2016.09.28,2016-09-21,2016.09.21,4007,2016-10-05,2016.10.05,1418
3,안시성,2018-09-19,2018.09.19,2018-09-12,2018.09.12,3806,2018-09-26,2018.09.26,1926
4,리얼,2017-06-28,2017.06.28,2017-06-21,2017.06.21,3767,2017-07-05,2017.07.05,2241
5,도리화가,2015-11-25,2015.11.25,2015-11-18,2015.11.18,3521,2015-12-02,2015.12.02,878
6,아가씨,2016-06-01,2016.06.01,2016-05-25,2016.05.25,3485,2016-06-08,2016.06.08,1315
7,치즈인더트랩,2018-03-14,2018.03.14,2018-03-07,2018.03.07,3333,2018-03-21,2018.03.21,872
8,더 킹,2017-01-18,2017.01.18,2017-01-11,2017.01.11,3195,2017-01-25,2017.01.25,1561
9,버닝,2018-05-17,2018.05.17,2018-05-10,2018.05.10,3182,2018-05-24,2018.05.24,2468
10,인천상륙작전,2016-07-27,2016.07.27,2016-07-20,2016.07.20,3058,2016-08-03,2016.08.03,1897
11,강남 1970,2015-01-21,2015.01.21,2015-01-14,2015.01.14,2984,2015-01-28,2015.01.28,1768
12,허삼관,2015-01-14,2015.01.14,2015-01-07,2015.01.07,2968,2015-01-21,2015.01.21,1139
13,인랑,2018-07-25,2018.07.25,2018-07-18,2018.07.18,2865,2018-08-01,2018.08.01,1270
14,하이힐,2014-06-03,2014.06.03,2014-05-27,2014.05.27,2842,2014-06-10,2014.06.10,681
15,부산행,2016-07-20,2016.07.20,2016-07-13,2016.07.13,2822,2016-07-27,2016.07.27,2490
16,역모-반란의 시대,2017-11-23,2017.11.23,2017-11-16,2017.11.16,2810,2017-11-30,2017.11.30,147
17,마스터,2016-12-21,2016.12.21,2016-12-14,2016.12.14,2781,2016-12-28,2016.12.28,926
18,레드카펫,2014-10-23,2014.10.23,2014-10-16,2014.10.16,2568,2014-10-30,2014.10.30,1020
19,덕혜옹주,2016-08-03,2016.08.03,2016-07-27,2016.07.27,2543,2016-08-10,2016.08.10,1715
21,청년경찰,2017-08-09,2017.08.09,2017-08-02,2017.08.02,2520,2017-08-16,2017.08.16,1241
20,손님,2015-07-09,2015.07.09,2015-07-02,2015.07.02,2520,2015-07-16,2015.07.16,606
22,오늘의 연애,2015-01-14,2015.01.14,2015-01-07,2015.01.07,2477,2015-01-21,2015.01.21,1159
23,암살,2015-07-22,2015.07.22,2015-07-15,2015.07.15,2459,2015-07-29,2015.07.29,1829
24,싱글라이더,2017-02-22,2017.02.22,2017-02-15,2017.02.15,2445,2017-03-01,2017.03.01,929
25,빅매치,2014-11-27,2014.11.27,2014-11-20,2014.11.20,2389,2014-12-04,2014.12.04,458
26,터널,2016-08-10,2016.08.10,2016-08-03,2016.08.03,2370,2016-08-17,2016.08.17,1053
27,공조,2017-01-18,2017.01.18,2017-01-11,2017.01.11,2331,2017-01-25,2017.01.25,1142
28,강철비,2017-12-14,2017.12.14,2017-12-07,2017.12.07,2300,2017-12-21,2017.12.21,1599
29,신의 한 수,2014-07-03,2014.07.03,2014-06-26,2014.06.26,2281,2014-07-10,2014.07.10,1415
30,검사외전,2016-02-03,2016.02.03,2016-01-27,2016.01.27,2266,2016-02-10,2016.02.10,1111
31,히말라야,2015-12-16,2015.12.16,2015-12-09,2015.12.09,2218,2015-12-23,2015.12.23,1456
32,조선마술사,2015-12-30,2015.12.30,2015-12-23,2015.12.23,2210,2016-01-06,2016.01.06,787
33,패션왕,2014-11-06,2014.11.06,2014-10-30,2014.10.30,2182,2014-11-13,2014.11.13,860
34,스물,2015-03-25,2015.03.25,2015-03-18,2015.03.18,2145,2015-04-01,2015.04.01,1110
35,위험한 상견례 2,2015-04-29,2015.04.29,2015-04-22,2015.04.22,2109,2015-05-06,2015.05.06,920
36,형,2016-11-23,2016.11.23,2016-11-16,2016.11.16,2095,2016-11-30,2016.11.30,2094
37,신과함께-인과 연,2018-08-01,2018.08.01,2018-07-25,2018.07.25,2077,2018-08-08,2018.08.08,2019
38,꾼,2017-11-22,2017.11.22,2017-11-15,2017.11.15,2020,2017-11-29,2017.11.29,728
39,덕수리 5형제,2014-12-04,2014.12.04,2014-11-27,2014.11.27,2003,2014-12-11,2014.12.11,247
40,7년의 밤,2018-03-28,2018.03.28,2018-03-21,2018.03.21,1999,2018-04-04,2018.04.04,562
41,쎄시봉,2015-02-05,2015.02.05,2015-01-29,2015.01.29,1986,2015-02-12,2015.02.12,1135
42,오빠생각,2016-01-21,2016.01.21,2016-01-14,2016.01.14,1978,2016-01-28,2016.01.28,932
43,우는 남자,2014-06-04,2014.06.04,2014-05-28,2014.05.28,1975,2014-06-11,2014.06.11,542
44,독전,2018-05-22,2018.05.22,2018-05-15,2018.05.15,1974,2018-05-29,2018.05.29,1058
45,조작된 도시,2017-02-09,2017.02.09,2017-02-02,2017.02.02,1968,2017-02-16,2017.02.16,663
46,검은 사제들,2015-11-05,2015.11.05,2015-10-29,2015.10.29,1963,2015-11-12,2015.11.12,1606
47,은밀한 유혹,2015-06-04,2015.06.04,2015-05-28,2015.05.28,1954,2015-06-11,2015.06.11,328
48,밀정,2016-09-07,2016.09.07,2016-08-31,2016.08.31,1914,2016-09-14,2016.09.14,1210
49,지금 만나러 갑니다,2018-03-14,2018.03.14,2018-03-07,2018.03.07,1879,2018-03-21,2018.03.21,1111
50,협상,2018-09-19,2018.09.19,2018-09-12,2018.09.12,1848,2018-09-26,2018.09.26,1478
51,곡성,2016-05-12,2016.05.12,2016-05-05,2016.05.05,1845,2016-05-19,2016.05.19,2093
52,순정,2016-02-24,2016.02.24,2016-02-17,2016.02.17,1841,2016-03-02,2016.03.02,630
53,특별시민,2017-04-26,2017.04.26,2017-04-19,2017.04.19,1824,2017-05-03,2017.05.03,987
54,해어화,2016-04-13,2016.04.13,2016-04-06,2016.04.06,1811,2016-04-20,2016.04.20,651
55,목숨 건 연애,2016-12-14,2016.12.14,2016-12-07,2016.12.07,1805,2016-12-21,2016.12.21,245
56,염력,2018-01-31,2018.01.31,2018-01-24,2018.01.24,1801,2018-02-07,2018.02.07,819
57,좋아해줘,2016-02-17,2016.02.17,2016-02-10,2016.02.10,1773,2016-02-24,2016.02.24,1056
58,베테랑,2015-08-05,2015.08.05,2015-07-29,2015.07.29,1763,2015-08-12,2015.08.12,1262
59,순수의 시대,2015-03-05,2015.03.05,2015-02-26,2015.02.26,1763,2015-03-12,2015.03.12,775
60,차이나타운,2015-04-29,2015.04.29,2015-04-22,2015.04.22,1740,2015-05-06,2015.05.06,618
61,브이아이피,2017-08-23,2017.08.23,2017-08-16,2017.08.16,1713,2017-08-30,2017.08.30,944
62,어느날,2017-04-05,2017.04.05,2017-03-29,2017.03.29,1711,2017-04-12,2017.04.12,1117
63,악의 연대기,2015-05-14,2015.05.14,2015-05-07,2015.05.07,1698,2015-05-21,2015.05.21,535
64,"로봇, 소리",2016-01-27,2016.01.27,2016-01-20,2016.01.20,1697,2016-02-03,2016.02.03,539
65,사냥,2016-06-29,2016.06.29,2016-06-22,2016.06.22,1684,2016-07-06,2016.07.06,696
66,무뢰한,2015-05-27,2015.05.27,2015-05-20,2015.05.20,1683,2015-06-03,2015.06.03,557
67,챔피언,2018-05-01,2018.05.01,2018-04-24,2018.04.24,1675,2018-05-08,2018.05.08,900
68,소수의견,2015-06-24,2015.06.24,2015-06-17,2015.06.17,1662,2015-07-01,2015.07.01,506
69,국제시장,2014-12-17,2014.12.17,2014-12-10,2014.12.10,1659,2014-12-24,2014.12.24,943
70,내부자들,2015-11-19,2015.11.19,2015-11-12,2015.11.12,1658,2015-11-26,2015.11.26,835
71,대립군,2017-05-31,2017.05.31,2017-05-24,2017.05.24,1645,2017-06-07,2017.06.07,706
72,루시드 드림,2017-02-22,2017.02.22,2017-02-15,2017.02.15,1618,2017-03-01,2017.03.01,318
73,보안관,2017-05-03,2017.05.03,2017-04-26,2017.04.26,1582,2017-05-10,2017.05.10,982
74,비밀,2015-10-15,2015.10.15,2015-10-08,2015.10.08,1578,2015-10-22,2015.10.22,1031
75,올레,2016-08-25,2016.08.25,2016-08-18,2016.08.18,1574,2016-09-01,2016.09.01,387
76,창궐,2018-10-25,2018.10.25,2018-10-18,2018.10.18,1570,2018-11-01,2018.11.01,1104
77,공작,2018-08-08,2018.08.08,2018-08-01,2018.08.01,1567,2018-08-15,2018.08.15,1699
78,피끓는 청춘,2014-01-22,2014.01.22,2014-01-15,2014.01.15,1557,2014-01-29,2014.01.29,647
79,아빠는 딸,2017-04-12,2017.04.12,2017-04-05,2017.04.05,1546,2017-04-19,2017.04.19,637
80,"고산자, 대동여지도",2016-09-07,2016.09.07,2016-08-31,2016.08.31,1538,2016-09-14,2016.09.14,888
81,연애의 맛,2015-05-07,2015.05.07,2015-04-30,2015.04.30,1529,2015-05-14,2015.05.14,348
82,연평해전,2015-06-24,2015.06.24,2015-06-17,2015.06.17,1506,2015-07-01,2015.07.01,2099
83,"협녀, 칼의 기억",2015-08-13,2015.08.13,2015-08-06,2015.08.06,1498,2015-08-20,2015.08.20,533
84,쓰리 썸머 나잇,2015-07-15,2015.07.15,2015-07-08,2015.07.08,1484,2015-07-22,2015.07.22,251
85,목격자,2018-08-15,2018.08.15,2018-08-08,2018.08.08,1472,2018-08-22,2018.08.22,1058
86,골든슬럼버,2018-02-14,2018.02.14,2018-02-07,2018.02.07,1460,2018-02-21,2018.02.21,806
87,리틀 포레스트,2018-02-28,2018.02.28,2018-02-21,2018.02.21,1456,2018-03-07,2018.03.07,982
88,물괴,2018-09-12,2018.09.12,2018-09-05,2018.09.05,1435,2018-09-19,2018.09.19,936
90,시간이탈자,2016-04-13,2016.04.13,2016-04-06,2016.04.06,1426,2016-04-20,2016.04.20,585
89,아빠를 빌려드립니다,2014-11-20,2014.11.20,2014-11-13,2014.11.13,1426,2014-11-27,2014.11.27,165
91,퇴마: 무녀굴,2015-08-20,2015.08.20,2015-08-13,2015.08.13,1415,2015-08-27,2015.08.20,136
92,몬스터,2014-03-13,2014.03.13,2014-03-06,2014.03.06,1409,2014-03-20,2014.03.20,458
93,택시운전사,2017-08-02,2017.08.02,2017-07-26,2017.07.26,1399,2017-08-09,2017.08.09,1957
94,극비수사,2015-06-18,2015.06.18,2015-06-11,2015.06.11,1380,2015-06-25,2015.06.25,929
95,열정같은소리하고있네,2015-11-25,2015.11.25,2015-11-18,2015.11.18,1370,2015-12-02,2015.12.02,582
96,비정규직 특수요원,2017-03-16,2017.03.16,2017-03-09,2017.03.09,1361,2017-03-23,2017.03.23,317
97,나를 기억해,2018-04-19,2018.04.19,2018-04-12,2018.04.12,1355,2018-04-26,2018.04.26,738
98,해빙,2017-03-01,2017.03.01,2017-02-22,2017.02.22,1338,2017-03-08,2017.03.08,753
99,보통사람,2017-03-23,2017.03.23,2017-03-16,2017.03.16,1325,2017-03-30,2017.03.30,614
100,남과 여,2016-02-25,2016.02.25,2016-02-18,2016.02.18,1320,2016-03-03,2016.03.03,267
101,기억의 밤,2017-11-29,2017.11.29,2017-11-22,2017.11.22,1311,2017-12-06,2017.12.06,686
103,살인자의 기억법,2017-09-06,2017.09.06,2017-08-30,2017.08.30,1307,2017-09-13,2017.09.13,849
102,조선미녀삼총사,2014-01-29,2014.01.29,2014-01-22,2014.01.22,1307,2014-02-05,2014.02.05,410
104,간신,2015-05-21,2015.05.21,2015-05-14,2015.05.14,1305,2015-05-28,2015.05.28,833
105,"그래, 가족",2017-02-15,2017.02.15,2017-02-08,2017.02.08,1305,2017-02-22,2017.02.22,171
106,봉이 김선달,2016-07-06,2016.07.06,2016-06-29,2016.06.29,1297,2016-07-13,2016.07.13,571
107,트릭,2016-07-13,2016.07.13,2016-07-06,2016.07.06,1296,2016-07-20,2016.07.20,219
108,신과함께-죄와 벌,2017-12-20,2017.12.20,2017-12-13,2017.12.13,1293,2017-12-27,2017.12.27,2654
109,상류사회,2018-08-29,2018.08.29,2018-08-22,2018.08.22,1284,2018-09-05,2018.09.05,860
110,불한당: 나쁜 놈들의 세상,2017-05-17,2017.05.17,2017-05-10,2017.05.10,1265,2017-05-24,2017.05.24,1290
111,로마의 휴일,2017-08-30,2017.08.30,2017-08-23,2017.08.23,1264,2017-09-06,2017.09.06,153
112,나의 사랑 나의 신부,2014-10-08,2014.10.08,2014-10-01,2014.10.01,1263,2014-10-15,2014.10.15,482
113,서부전선,2015-09-24,2015.09.24,2015-09-17,2015.09.17,1252,2015-10-01,2015.10.01,795
114,"당신, 거기 있어줄래요",2016-12-14,2016.12.14,2016-12-07,2016.12.07,1247,2016-12-21,2016.12.21,620
115,끝까지 간다,2014-05-29,2014.05.29,2014-05-22,2014.05.22,1224,2014-06-05,2014.06.05,422
116,7호실,2017-11-15,2017.11.15,2017-11-08,2017.11.08,1197,2017-11-22,2017.11.22,438
117,"날, 보러와요",2016-04-07,2016.04.07,2016-03-31,2016.03.31,1196,2016-04-14,2016.04.14,448
118,프리즌,2017-03-23,2017.03.23,2017-03-16,2017.03.16,1176,2017-03-30,2017.03.30,571
119,원라인,2017-03-29,2017.03.29,2017-03-22,2017.03.22,1172,2017-04-05,2017.04.05,487
120,마담 뺑덕,2014-10-02,2014.10.02,2014-09-25,2014.09.25,1171,2014-10-09,2014.10.09,939
121,대장 김창수,2017-10-19,2017.10.19,2017-10-12,2017.10.12,1168,2017-10-26,2017.10.26,524
122,이웃집 스타,2017-09-21,2017.09.21,2017-09-14,2017.09.14,1166,2017-09-28,2017.09.28,250
123,오피스,2015-09-03,2015.09.03,2015-08-27,2015.08.27,1155,2015-09-10,2015.09.10,780
124,내 심장을 쏴라,2015-01-28,2015.01.28,2015-01-21,2015.01.21,1149,2015-02-04,2015.02.04,415
125,두근두근 내 인생,2014-09-03,2014.09.03,2014-08-27,2014.08.27,1122,2014-09-10,2014.09.10,707
126,찌라시: 위험한 소문,2014-02-20,2014.02.20,2014-02-13,2014.02.13,1120,2014-02-27,2014.02.27,408
127,그놈이다,2015-10-28,2015.10.28,2015-10-21,2015.10.21,1118,2015-11-04,2015.11.04,826
128,판도라,2016-12-07,2016.12.07,2016-11-30,2016.11.30,1114,2016-12-14,2016.12.14,825
129,더 폰,2015-10-22,2015.10.22,2015-10-15,2015.10.15,1110,2015-10-29,2015.10.29,686
130,타짜-신의 손,2014-09-03,2014.09.03,2014-08-27,2014.08.27,1108,2014-09-10,2014.09.10,1072
131,비밀은 없다,2016-06-23,2016.06.23,2016-06-16,2016.06.16,1076,2016-06-30,2016.06.30,393
132,가려진 시간,2016-11-16,2016.11.16,2016-11-09,2016.11.09,1072,2016-11-23,2016.11.23,468
133,데자뷰,2018-05-30,2018.05.30,2018-05-23,2018.05.23,1068,2018-06-06,2018.06.06,212
134,조선명탐정 : 사라진 놉의 딸,2015-02-11,2015.02.11,2015-02-04,2015.02.04,1066,2015-02-18,2015.02.18,726
135,성난황소,2018-11-22,2018.11.22,2018-11-15,2018.11.15,1057,2018-11-29,2018.11.29,905
136,돌연변이,2015-10-22,2015.10.22,2015-10-15,2015.10.15,1050,2015-10-29,2015.10.29,437
137,대결,2016-09-22,2016.09.22,2016-09-15,2016.09.15,1041,2016-09-29,2016.09.29,392
138,럭키,2016-10-13,2016.10.13,2016-10-06,2016.10.06,1035,2016-10-20,2016.10.20,777
139,명당,2018-09-19,2018.09.19,2018-09-12,2018.09.12,1026,2018-09-26,2018.09.26,1485
140,남한산성,2017-10-03,2017.10.03,2017-09-26,2017.09.26,1025,2017-10-10,2017.10.10,1377
141,암수살인,2018-10-03,2018.10.03,2018-09-26,2018.09.26,1020,2018-10-10,2018.10.10,1101
142,미안해 사랑해 고마워,2015-10-28,2015.10.28,2015-10-21,2015.10.21,1010,2015-11-04,2015.11.04,386
143,헬머니,2015-03-05,2015.03.05,2015-02-26,2015.02.26,1008,2015-03-12,2015.03.12,299
144,악녀,2017-06-08,2017.06.08,2017-06-01,2017.06.01,996,2017-06-15,2017.06.15,952
145,사도,2015-09-16,2015.09.16,2015-09-09,2015.09.09,988,2015-09-23,2015.09.23,1364
146,궁합,2018-02-28,2018.02.28,2018-02-21,2018.02.21,980,2018-03-07,2018.03.07,624
147,황제를 위하여,2014-06-11,2014.06.11,2014-06-04,2014.06.04,979,2014-06-18,2014.06.18,391
148,플랜맨,2014-01-09,2014.01.09,2014-01-02,2014.01.02,966,2014-01-16,2014.01.16,354
149,완벽한 타인,2018-10-31,2018.10.31,2018-10-24,2018.10.24,964,2018-11-07,2018.11.07,988
150,1987,2017-12-27,2017.12.27,2017-12-20,2017.12.20,950,2018-01-03,2018.01.03,1802
151,히야,2016-03-10,2016.03.10,2016-03-03,2016.03.03,948,2016-03-17,2016.03.17,99
152,희생부활자,2017-10-12,2017.10.12,2017-10-05,2017.10.05,947,2017-10-19,2017.10.19,545
153,기술자들,2014-12-24,2014.12.24,2014-12-17,2014.12.17,934,2014-12-31,2014.12.31,938
154,무수단,2016-03-03,2016.03.03,2016-02-25,2016.02.25,928,2016-03-10,2016.03.10,135
155,경성학교: 사라진 소녀들,2015-06-18,2015.06.18,2015-06-11,2015.06.11,915,2015-06-25,2015.06.25,525
156,레슬러,2018-05-09,2018.05.09,2018-05-02,2018.05.02,898,2018-05-16,2018.05.16,613
157,특종: 량첸살인기,2015-10-22,2015.10.22,2015-10-15,2015.10.15,880,2015-10-29,2015.10.29,792
158,여곡성,2018-11-08,2018.11.08,2018-11-01,2018.11.01,865,2018-11-15,2018.11.15,333
159,아이 캔 스피크,2017-09-21,2017.09.21,2017-09-14,2017.09.14,854,2017-09-28,2017.09.28,759
160,사라진 밤,2018-03-07,2018.03.07,2018-02-28,2018.02.28,850,2018-03-14,2018.03.14,509
161,대호,2015-12-16,2015.12.16,2015-12-09,2015.12.09,841,2015-12-23,2015.12.23,1058
162,남자가 사랑할 때,2014-01-22,2014.01.22,2014-01-15,2014.01.15,815,2014-01-29,2014.01.29,470
163,극적인 하룻밤,2015-12-03,2015.12.03,2015-11-26,2015.11.26,807,2015-12-10,2015.12.10,482
164,위대한 소원,2016-04-21,2016.04.21,2016-04-14,2016.04.14,803,2016-04-28,2016.04.28,225
165,미쓰백,2018-10-11,2018.10.11,2018-10-04,2018.10.04,799,2018-10-18,2018.10.18,658
166,동주,2016-02-17,2016.02.17,2016-02-10,2016.02.10,798,2016-02-24,2016.02.24,656
167,명량,2014-07-30,2014.07.30,2014-07-23,2014.07.23,794,2014-08-06,2014.08.06,2256
168,탐정 홍길동: 사라진 마을,2016-05-04,2016.05.04,2016-04-27,2016.04.27,790,2016-05-11,2016.05.11,750
169,재심,2017-02-15,2017.02.15,2017-02-08,2017.02.08,771,2017-02-22,2017.02.22,799
170,국가대표 2,2016-08-10,2016.08.10,2016-08-03,2016.08.03,769,2016-08-17,2016.08.17,593
171,침묵,2017-11-02,2017.11.02,2017-10-26,2017.10.26,741,2017-11-09,2017.11.09,772
172,관능의 법칙,2014-02-13,2014.02.13,2014-02-06,2014.02.06,733,2014-02-20,2014.02.20,475
173,그날의 분위기,2016-01-14,2016.01.14,2016-01-07,2016.01.07,720,2016-01-21,2016.01.21,625
174,대배우,2016-03-30,2016.03.30,2016-03-23,2016.03.23,715,2016-04-06,2016.04.06,340
175,백프로,2014-04-03,2014.04.03,2014-03-27,2014.03.27,713,2014-04-10,2014.04.10,50
176,나의 절친 악당들,2015-06-25,2015.06.25,2015-06-18,2015.06.18,705,2015-07-02,2015.07.02,310
177,미쓰 와이프,2015-08-13,2015.08.13,2015-08-06,2015.08.06,698,2015-08-20,2015.08.20,273
178,변산,2018-07-04,2018.07.04,2018-06-27,2018.06.27,687,2018-07-11,2018.07.11,632
179,뷰티 인사이드,2015-08-20,2015.08.20,2015-08-13,2015.08.13,674,2015-08-27,2015.08.27,687
180,마녀,2018-06-27,2018.06.27,2018-06-20,2018.06.20,663,2018-07-04,2018.07.04,981
182,하루,2017-06-15,2017.06.15,2017-06-08,2017.06.08,658,2017-06-22,2017.06.22,328
181,걷기왕,2016-10-20,2016.10.20,2016-10-13,2016.10.13,658,2016-10-27,2016.10.27,268
183,국가부도의 날,2018-11-28,2018.11.28,2018-11-21,2018.11.21,635,2018-12-05,2018.12.05,1275
184,박열,2017-06-28,2017.06.28,2017-06-21,2017.06.21,634,2017-07-05,2017.07.05,1003
185,좋은 친구들,2014-07-10,2014.07.10,2014-07-03,2014.07.03,628,2014-07-17,2014.07.17,315
186,살인의뢰,2015-03-12,2015.03.12,2015-03-05,2015.03.05,626,2015-03-19,2015.03.19,517
187,석조저택 살인사건,2017-05-09,2017.05.09,2017-05-02,2017.05.02,615,2017-05-16,2017.05.16,332
188,반드시 잡는다,2017-11-29,2017.11.29,2017-11-22,2017.11.22,612,2017-12-06,2017.12.06,308
189,장수상회,2015-04-09,2015.04.09,2015-04-02,2015.04.02,611,2015-04-16,2015.04.16,563
190,해무(海霧),2014-08-13,2014.08.13,2014-08-06,2014.08.06,610,2014-08-20,2014.08.20,918
191,범죄도시,2017-10-03,2017.10.03,2017-09-26,2017.09.26,605,2017-10-10,2017.10.10,1035
192,성난 변호사,2015-10-08,2015.10.08,2015-10-01,2015.10.01,603,2015-10-15,2015.10.15,409
193,상의원,2014-12-24,2014.12.24,2014-12-17,2014.12.17,597,2014-12-31,2014.12.31,680
194,시간위의 집,2017-04-05,2017.04.05,2017-03-29,2017.03.29,588,2017-04-12,2017.04.12,415
195,군도: 민란의 시대,2014-07-23,2014.07.23,2014-07-16,2014.07.16,576,2014-07-30,2014.07.30,801
196,해적: 바다로 간 산적,2014-08-06,2014.08.06,2014-07-30,2014.07.30,566,2014-08-13,2014.08.13,1079
197,우리는 형제입니다,2014-10-23,2014.10.23,2014-10-16,2014.10.16,546,2014-10-30,2014.10.30,346
198,미씽: 사라진 여자,2016-11-30,2016.11.30,2016-11-23,2016.11.23,541,2016-12-07,2016.12.07,588
199,카트,2014-11-13,2014.11.13,2014-11-06,2014.11.06,520,2014-11-20,2014.11.20,712
200,엽기적인 그녀 2,2016-05-12,2016.05.12,2016-05-05,2016.05.05,515,2016-05-19,2016.05.19,206
201,바람 바람 바람,2018-04-05,2018.04.05,2018-03-29,2018.03.29,504,2018-04-12,2018.04.12,811
202,배반의 장미,2018-10-18,2018.10.18,2018-10-11,2018.10.11,497,2018-10-25,2018.10.25,438
203,치외법권,2015-08-27,2015.08.27,2015-08-20,2015.08.20,494,2015-09-03,2015.09.03,583
204,검은손,2015-04-16,2015.04.16,2015-04-09,2015.04.09,489,2015-04-23,2015.04.23,57
205,부라더,2017-11-02,2017.11.02,2017-10-26,2017.10.26,486,2017-11-09,2017.11.09,542
206,속닥속닥,2018-07-13,2018.07.13,2018-07-06,2018.07.06,485,2018-07-20,2018.07.20,276
207,수상한 그녀,2014-01-22,2014.01.22,2014-01-15,2014.01.15,484,2014-01-29,2014.01.29,630
208,무서운 이야기 3 : 화성에서 온 소녀,2016-06-01,2016.06.01,2016-05-25,2016.05.25,484,2016-06-08,2016.06.08,132
209,비밥바룰라,2018-01-24,2018.01.24,2018-01-17,2018.01.17,477,2018-01-31,2018.01.31,183
210,임금님의 사건수첩,2017-04-26,2017.04.26,2017-04-19,2017.04.19,472,2017-05-03,2017.05.03,634
211,너의 결혼식,2018-08-22,2018.08.22,2018-08-15,2018.08.15,459,2018-08-29,2018.08.29,963
212,조선명탐정: 흡혈괴마의 비밀,2018-02-08,2018.02.08,2018-02-01,2018.02.01,458,2018-02-15,2018.02.15,791
213,귀향,2016-02-24,2016.02.24,2016-02-17,2016.02.17,457,2016-03-02,2016.03.02,1612
214,스플릿,2016-11-09,2016.11.09,2016-11-02,2016.11.02,454,2016-11-16,2016.11.16,378
215,슬로우 비디오,2014-10-02,2014.10.02,2014-09-25,2014.09.25,437,2014-10-09,2014.10.09,356
216,내부자들: 디 오리지널,2015-12-31,2015.12.31,2015-12-24,2015.12.24,434,2016-01-07,2016.01.07,753
217,표적,2014-04-30,2014.04.30,2014-04-23,2014.04.23,429,2014-05-07,2014.05.07,517
218,널 기다리며,2016-03-10,2016.03.10,2016-03-03,2016.03.03,429,2016-03-17,2016.03.17,321
220,동네사람들,2018-11-07,2018.11.07,2018-10-31,2018.10.31,427,2018-11-14,2018.11.14,774
219,터널 3D,2014-08-20,2014.08.20,2014-08-13,2014.08.13,427,2014-08-27,2014.08.27,127
221,또 하나의 약속,2014-02-06,2014.02.06,2014-01-30,2014.01.30,424,2014-02-13,2014.02.13,511
222,노무현입니다,2017-05-25,2017.05.25,2017-05-18,2017.05.18,423,2017-06-01,2017.06.01,655
223,미옥,2017-11-09,2017.11.09,2017-11-02,2017.11.02,420,2017-11-16,2017.11.16,557
224,역린,2014-04-30,2014.04.30,2014-04-23,2014.04.23,413,2014-05-07,2014.05.07,925
225,굿바이 싱글,2016-06-29,2016.06.29,2016-06-22,2016.06.22,412,2016-07-06,2016.07.06,658
226,장산범,2017-08-17,2017.08.17,2017-08-10,2017.08.10,411,2017-08-24,2017.08.24,517
227,도어락,2018-12-05,2018.12.05,2018-11-28,2018.11.28,410,2018-12-12,2018.12.12,771
228,허스토리,2018-06-27,2018.06.27,2018-06-20,2018.06.20,399,2018-07-04,2018.07.04,672
229,계춘할망,2016-05-19,2016.05.19,2016-05-12,2016.05.12,384,2016-05-26,2016.05.26,436
230,제보자,2014-10-02,2014.10.02,2014-09-25,2014.09.25,368,2014-10-09,2014.10.09,772
231,설계,2014-09-18,2014.09.18,2014-09-11,2014.09.11,367,2014-09-25,2014.09.25,203
232,탐정: 리턴즈,2018-06-13,2018.06.13,2018-06-06,2018.06.06,350,2018-06-20,2018.06.20,824
233,우아한 거짓말,2014-03-13,2014.03.13,2014-03-06,2014.03.06,347,2014-03-20,2014.03.20,495
234,함정,2015-09-10,2015.09.10,2015-09-03,2015.09.03,345,2015-09-17,2015.09.17,393
235,곤지암,2018-03-28,2018.03.28,2018-03-21,2018.03.21,341,2018-04-04,2018.04.04,504
236,두 남자,2016-11-30,2016.11.30,2016-11-23,2016.11.23,330,2016-12-07,2016.12.07,278
237,탐정 : 더 비기닝,2015-09-24,2015.09.24,2015-09-17,2015.09.17,297,2015-10-01,2015.10.01,878
238,게이트,2018-02-28,2018.02.28,2018-02-21,2018.02.21,279,2018-03-07,2018.03.07,210
239,나의 독재자,2014-10-30,2014.10.30,2014-10-23,2014.10.23,278,2014-11-06,2014.11.06,416
240,원더풀 고스트,2018-09-26,2018.09.26,2018-09-19,2018.09.19,274,2018-10-03,2018.10.03,461
241,구세주: 리턴즈,2017-09-14,2017.09.14,2017-09-07,2017.09.07,257,2017-09-21,2017.09.21,23
243,특별수사: 사형수의 편지,2016-06-16,2016.06.16,2016-06-09,2016.06.09,239,2016-06-23,2016.06.23,379
242,가시,2014-04-10,2014.04.10,2014-04-03,2014.04.03,239,2014-04-17,2014.04.17,215
244,인천상륙작전 : 익스텐디드 에디션(확장판),2016-09-13,2016.09.13,2016-09-06,2016.09.06,233,2016-09-20,2016.09.20,150
245,덕구,2018-04-05,2018.04.05,2018-03-29,2018.03.29,231,2018-04-12,2018.04.12,258
246,방황하는 칼날,2014-04-10,2014.04.10,2014-04-03,2014.04.03,221,2014-04-17,2014.04.17,446
247,소녀괴담,2014-07-02,2014.07.02,2014-06-25,2014.06.25,213,2014-07-09,2014.07.09,464
248,여중생A,2018-06-20,2018.06.20,2018-06-13,2018.06.13,201,2018-06-27,2018.06.27,206
249,채비,2017-11-09,2017.11.09,2017-11-02,2017.11.02,197,2017-11-16,2017.11.16,250
250,번 더 스테이지: 더 무비,2018-11-15,2018.11.15,2018-11-08,2018.11.08,183,2018-11-22,2018.11.22,349
251,머니백,2018-04-12,2018.04.12,2018-04-05,2018.04.05,162,2018-04-19,2018.04.19,193
252,번개맨의 비밀,2018-12-06,2018.12.06,2018-11-29,2018.11.29,7,2018-12-13,2018.12.13,17
253,혼숨,2016-10-26,2016.10.26,2016-10-19,2016.10.19,145,2016-11-02,2016.11.02,120
254,해피 투게더,2018-11-15,2018.11.15,2018-11-08,2018.11.08,119,2018-11-22,2018.11.22,229
255,약장수,2015-04-23,2015.04.23,2015-04-16,2015.04.16,99,2015-04-30,2015.04.30,185
256,맨홀,2014-10-08,2014.10.08,2014-10-01,2014.10.01,94,2014-10-15,2014.10.15,130
257,흥부: 글로 세상을 바꾼 자,2018-02-14,2018.02.14,2018-02-07,2018.02.07,87,2018-02-21,2018.02.21,729
258,번개맨,2016-02-11,2016.02.11,2016-02-04,2016.02.04,65,2016-02-18,2016.02.18,55
259,번개맨과 신비의 섬,2018-04-05,2018.04.05,2018-03-29,2018.03.29,8,2018-04-12,2018.04.12,16
260,타투,2015-12-10,2015.12.10,2015-12-03,2015.12.03,49,2015-12-17,2015.12.17,29
261,독전: 익스텐디드 컷,2018-07-18,2018.07.18,2018-07-11,2018.07.11,20,2018-07-25,2018.07.25,318
